Date,Open,High,Low,Close,Volume,Dividends,Stock Splits,Ticker
2023-01-03 00:00:00-05:00,128.78264911213327,129.39551842727084,122.74287269172645,123.63253021240234,112117500,0.0,0.0,AAPL
2023-01-04 00:00:00-05:00,125.43161455867813,127.18127564102066,123.64241984503863,124.90770721435547,89113600,0.0,0.0,AAPL
2023-01-05 00:00:00-05:00,125.66884902202133,126.30149268134268,123.32609306355886,123.58309936523438,80962700,0.0,0.0,AAPL
2023-01-06 00:00:00-05:00,124.56171667837158,128.79251610668766,123.45458659001618,128.13021850585938,87754700,0.0,0.0,AAPL
2023-01-09 00:00:00-05:00,128.97047367930062,131.87668586554148,128.3971379685157,128.65414428710938,70790800,0.0,0.0,AAPL
2023-01-10 00:00:00-05:00,128.76287866678214,129.75138537718297,126.64747490986099,129.22747802734375,63896200,0.0,0.0,AAPL
2023-01-11 00:00:00-05:00,129.74150433319187,131.9755240444425,128.9605906771462,131.9557647705078,69458900,0.0,0.0,AAPL
2023-01-12 00:00:00-05:00,132.34127780837738,132.71690008626126,129.92931912019301,131.87667846679688,71379600,0.0,0.0,AAPL
2023-01-13 00:00:00-05:00,130.51253218381837,133.36931580754018,130.14678954891528,133.21115112304688,57809700,0.0,0.0,AAPL
2023-01-17 00:00:00-05:00,133.28033589487055,135.7120534872366,132.58838434758803,134.37757873535156,63646600,0.0,0.0,AAPL
2023-01-18 00:00:00-05:00,135.24748690824802,137.01690717262807,133.47805156045354,133.65599060058594,69672800,0.0,0.0,AAPL
2023-01-19 00:00:00-05:00,132.5389610381249,134.6840184578663,132.23252641864943,133.7152862548828,58280400,0.0,0.0,AAPL
2023-01-20 00:00:00-05:00,133.72517191147224,136.4336854309728,132.67735732670167,136.285400390625,80223600,0.0,0.0,AAPL
2023-01-23 00:00:00-05:00,136.5325341153351,141.67278077878365,136.31506144495467,139.48817443847656,81760300,0.0,0.0,AAPL
2023-01-24 00:00:00-05:00,138.6973598255773,141.51460969317372,138.68748018952127,140.891845703125,66435100,0.0,0.0,AAPL
2023-01-25 00:00:00-05:00,139.2707157250627,140.79300948686725,137.21461987031523,140.2295684814453,65799300,0.0,0.0,AAPL
2023-01-26 00:00:00-05:00,141.52449124388164,142.59208020551668,140.26908361074402,142.305419921875,54105100,0.0,0.0,AAPL
2023-01-27 00:00:00-05:00,141.51462437013356,145.53783884062292,141.43554202324185,144.25277709960938,70555800,0.0,0.0,AAPL
2023-01-30 00:00:00-05:00,143.29392490593287,143.87714018615392,141.208175354279,141.3564453125,64015300,0.0,0.0,AAPL
2023-01-31 00:00:00-05:00,141.05990031223737,142.68105066516867,140.64472931637368,142.63162231445312,65874500,0.0,0.0,AAPL
2023-02-01 00:00:00-05:00,142.31530314667881,144.92496009089808,139.69576656602072,143.75851440429688,77663600,0.0,0.0,AAPL
2023-02-02 00:00:00-05:00,147.18861728641792,149.4424109834998,146.46701173795722,149.08656311035156,118339000,0.0,0.0,AAPL
2023-02-03 00:00:00-05:00,146.32864922602454,155.57119313377925,146.13095089780094,152.7242889404297,154357300,0.0,0.0,AAPL
2023-02-06 00:00:00-05:00,150.8164562342184,151.34036351523568,149.0470210083263,149.98609924316406,69858300,0.0,0.0,AAPL
2023-02-07 00:00:00-05:00,148.90863720361276,153.44587898676582,148.90863720361276,152.87254333496094,83322600,0.0,0.0,AAPL
2023-02-08 00:00:00-05:00,152.11139923515765,152.80335083301824,149.43253973358082,150.17391967773438,64120100,0.0,0.0,AAPL
2023-02-09 00:00:00-05:00,152.0125597152097,152.55624141902396,148.6911765868534,149.13600158691406,56007100,0.0,0.0,AAPL
2023-02-10 00:00:00-05:00,147.96777632833437,149.82899586326752,147.73016708482578,149.50228881835938,57450700,0.23,0.0,AAPL
2023-02-13 00:00:00-05:00,149.44289446147238,152.71984461594153,149.413195193509,152.31394958496094,62199000,0.0,0.0,AAPL
2023-02-14 00:00:00-05:00,150.60122163396125,152.23475701699866,149.35380697400552,151.67044067382812,61707600,0.0,0.0,AAPL
2023-02-15 00:00:00-05:00,151.58133825179516,153.94747569846558,151.3536388197947,153.7791748046875,65573800,0.0,0.0,AAPL
2023-02-16 00:00:00-05:00,151.97735397330246,154.7692064041291,151.81896289081203,152.1753692626953,68167900,0.0,0.0,AAPL
2023-02-17 00:00:00-05:00,150.8289468385779,151.47245120963535,149.34392280711089,151.02694702148438,59144100,0.0,0.0,AAPL
2023-02-21 00:00:00-05:00,148.70038717333577,149.7894107206676,146.92826533516197,146.99755859375,58867200,0.0,0.0,AAPL
2023-02-22 00:00:00-05:00,147.383654456277,148.45287338487984,145.6907358158214,147.4232635498047,51011300,0.0,0.0,AAPL
2023-02-23 00:00:00-05:00,148.59149969615066,148.83900369928494,145.76996312428713,147.90838623046875,48394200,0.0,0.0,AAPL
2023-02-24 00:00:00-05:00,145.64125487541327,145.72045796846467,144.26513323484133,145.24525451660156,55469600,0.0,0.0,AAPL
2023-02-27 00:00:00-05:00,146.23523564162863,147.68065020234755,145.97782187399574,146.44313049316406,44998500,0.0,0.0,AAPL
2023-02-28 00:00:00-05:00,145.58184135182967,147.59157242356576,145.36403664496177,145.93824768066406,50547000,0.0,0.0,AAPL
2023-03-01 00:00:00-05:00,145.36402012374026,145.7600203967964,143.5621841365181,143.85919189453125,55479000,0.0,0.0,AAPL
2023-03-02 00:00:00-05:00,142.93850860687647,145.24524759786468,142.46329007120497,144.45323181152344,52238100,0.0,0.0,AAPL
2023-03-03 00:00:00-05:00,146.56197176838737,149.60132834219667,145.85906882111533,149.52212524414062,70732300,0.0,0.0,AAPL
2023-03-06 00:00:00-05:00,152.2545345821982,154.7394840935164,151.92784263752011,152.2941436767578,87558000,0.0,0.0,AAPL
2023-03-07 00:00:00-05:00,152.16545023619062,152.49215731620518,149.62111707090608,150.08642578125,56182000,0.0,0.0,AAPL
2023-03-08 00:00:00-05:00,151.2843514535327,151.93776567756532,150.31413994619248,151.34375,47204800,0.0,0.0,AAPL
2023-03-09 00:00:00-05:00,152.02683517023416,152.99704649679572,148.73008049756518,149.08648681640625,53833600,0.0,0.0,AAPL
2023-03-10 00:00:00-05:00,148.7102983763868,149.43300577006005,146.13625093512175,147.01736450195312,68572400,0.0,0.0,AAPL
2023-03-13 00:00:00-04:00,146.33423617376167,151.61102231566625,146.2253338291279,148.96768188476562,84457100,0.0,0.0,AAPL
2023-03-14 00:00:00-04:00,149.76962498664284,151.86845415267095,148.60141331315802,151.06654357910156,73695900,0.0,0.0,AAPL
2023-03-15 00:00:00-04:00,149.6804929323757,151.71992308668965,148.42316862217967,151.4625244140625,77167900,0.0,0.0,AAPL
2023-03-16 00:00:00-04:00,150.64082983435895,154.89790141964556,150.1260173130943,154.2939910888672,76161100,0.0,0.0,AAPL
2023-03-17 00:00:00-04:00,154.52170325241562,155.17511745555205,152.7396713831552,153.45248413085938,98944600,0.0,0.0,AAPL
2023-03-20 00:00:00-04:00,153.5217825705538,156.24432646768744,152.6109545912959,155.82850646972656,73641400,0.0,0.0,AAPL
2023-03-21 00:00:00-04:00,155.7493201936468,157.80854012474336,154.97709383642948,157.6897430419922,73938300,0.0,0.0,AAPL
2023-03-22 00:00:00-04:00,157.70955140928402,160.5211932163919,156.23442213481738,156.2542266845703,75701800,0.0,0.0,AAPL
2023-03-23 00:00:00-04:00,157.24422341863578,159.93706781022715,156.10569609721924,157.3432159423828,67622100,0.0,0.0,AAPL
2023-03-24 00:00:00-04:00,157.27396362742726,158.73918327571775,156.27405277056135,158.65008544921875,59196500,0.0,0.0,AAPL
2023-03-27 00:00:00-04:00,158.34315238139064,159.1648674270664,156.29381212775743,156.69972229003906,52390300,0.0,0.0,AAPL
2023-03-28 00:00:00-04:00,156.3928163743877,156.9076288835252,154.42267925169685,156.0760040283203,45992200,0.0,0.0,AAPL
2023-03-29 00:00:00-04:00,157.77880954657576,159.4420439072871,157.7590201076739,159.1648406982422,51305700,0.0,0.0,AAPL
2023-03-30 00:00:00-04:00,159.9172833200629,160.84790077737682,159.659884598305,160.73899841308594,49501700,0.0,0.0,AAPL
2023-03-31 00:00:00-04:00,160.8182007028279,163.35263923391068,160.29349343380431,163.25363159179688,68749800,0.0,0.0,AAPL
2023-04-03 00:00:00-04:00,162.62991638134497,164.62973762588464,162.5804125649775,164.5109405517578,56976200,0.0,0.0,AAPL
2023-04-04 00:00:00-04:00,164.93665022196166,165.1742443629799,163.461521135219,163.97633361816406,46278300,0.0,0.0,AAPL
2023-04-05 00:00:00-04:00,163.09525716874828,163.40215974161865,160.1846074281314,162.12503051757812,51511700,0.0,0.0,AAPL
2023-04-06 00:00:00-04:00,160.80829044689202,163.3130448064106,160.38259082111486,163.0160369873047,45390100,0.0,0.0,AAPL
2023-04-10 00:00:00-04:00,159.80836691031573,160.4122772216797,158.48174921205518,160.4122772216797,47716900,0.0,0.0,AAPL
2023-04-11 00:00:00-04:00,160.72909253457362,160.7389872555695,158.90745173956898,159.19456481933594,47644200,0.0,0.0,AAPL
2023-04-12 00:00:00-04:00,159.61036940374873,160.441979159197,158.18474404786926,158.50155639648438,50133100,0.0,0.0,AAPL
2023-04-13 00:00:00-04:00,160.01628790137767,164.14465273087802,159.80837789845614,163.90704345703125,68445600,0.0,0.0,AAPL
2023-04-14 00:00:00-04:00,162.94672669437054,164.65946521821587,162.18442526560762,163.560546875,49386500,0.0,0.0,AAPL
2023-04-17 00:00:00-04:00,163.4417358903036,163.73874370809605,162.39232135968928,163.58033752441406,41516200,0.0,0.0,AAPL
2023-04-18 00:00:00-04:00,164.44166704612937,165.73858561594125,163.99614775175192,164.80796813964844,49923000,0.0,0.0,AAPL
2023-04-19 00:00:00-04:00,164.14464415802902,166.48108235627174,163.8872303481945,165.9563751220703,47720200,0.0,0.0,AAPL
2023-04-20 00:00:00-04:00,164.43173852810273,166.19396563576217,163.90703130539762,164.98614501953125,52456400,0.0,0.0,AAPL
2023-04-21 00:00:00-04:00,163.40213579346278,164.78815208279067,162.8477292777316,163.3724365234375,58337300,0.0,0.0,AAPL
2023-04-24 00:00:00-04:00,163.3526447044582,163.94666036414364,162.25372630855222,163.67935180664062,41949600,0.0,0.0,AAPL
2023-04-25 00:00:00-04:00,163.54075445626503,164.64956760321772,162.09532436989073,162.1349334716797,48714100,0.0,0.0,AAPL
2023-04-26 00:00:00-04:00,161.43202227134714,163.6298592139988,161.174623524589,162.12503051757812,45498800,0.0,0.0,AAPL
2023-04-27 00:00:00-04:00,163.54073931024718,166.87708827078586,163.54073931024718,166.7285919189453,64902300,0.0,0.0,AAPL
2023-04-28 00:00:00-04:00,166.80779457565893,168.15421688581486,166.2038842356674,167.98590087890625,55209200,0.0,0.0,AAPL
2023-05-01 00:00:00-04:00,167.5899022757501,168.74821914844807,166.95629265889536,167.8968048095703,52472900,0.0,0.0,AAPL
2023-05-02 00:00:00-04:00,168.3918123170909,168.6492261368123,165.86726857821876,166.85728454589844,48425700,0.0,0.0,AAPL
2023-05-03 00:00:00-04:00,167.80768799680482,169.21350870294293,165.49105451372273,165.7781524658203,65136000,0.0,0.0,AAPL
2023-05-04 00:00:00-04:00,163.243711633137,165.37223965151196,162.6695006318279,164.1347198486328,81235400,0.0,0.0,AAPL
2023-05-05 00:00:00-04:00,169.27294405611536,172.5598046719848,169.0551393113796,171.83709716796875,113316400,0.0,0.0,AAPL
2023-05-08 00:00:00-04:00,170.75794076749395,172.1142728432519,170.39163971305302,171.76776123046875,55962800,0.0,0.0,AAPL
2023-05-09 00:00:00-04:00,171.3222729910744,171.80737116626167,169.88675280256177,170.0550537109375,45326900,0.0,0.0,AAPL
2023-05-10 00:00:00-04:00,171.29256173687202,172.29247239543182,170.18373361448457,171.82716369628906,53724500,0.0,0.0,AAPL
2023-05-11 00:00:00-04:00,172.11428168700377,172.84688383352895,170.4510470092042,172.01527404785156,49514700,0.0,0.0,AAPL
2023-05-12 00:00:00-04:00,172.12433187191172,172.5605438773201,169.52690691086858,171.08338928222656,45497800,0.24,0.0,AAPL
2023-05-15 00:00:00-04:00,171.6682987112497,171.71787100649163,169.99285497252012,170.5876922607422,37266700,0.0,0.0,AAPL
2023-05-16 00:00:00-04:00,170.5083796138232,171.64846676768477,170.3200139683082,170.5876922607422,42110300,0.0,0.0,AAPL
2023-05-17 00:00:00-04:00,170.23079334736886,171.44026961578084,168.9518977126324,171.2023468017578,57951600,0.0,0.0,AAPL
2023-05-18 00:00:00-04:00,171.50966446616422,173.73037308197308,171.0932844370763,173.54200744628906,65496700,0.0,0.0,AAPL
2023-05-19 00:00:00-04:00,174.8704617599002,174.8704617599002,173.43295602393476,173.65106201171875,55772400,0.0,0.0,AAPL
2023-05-22 00:00:00-04:00,172.481219573557,173.20494177332736,171.95578654636702,172.69932556152344,43570900,0.0,0.0,AAPL
2023-05-23 00:00:00-04:00,171.63852857067366,171.88637487652753,169.80445985641978,170.08204650878906,50747300,0.0,0.0,AAPL
2023-05-24 00:00:00-04:00,169.61611066863975,170.93465495874622,169.0510289027881,170.35964965820312,45143500,0.0,0.0,AAPL
2023-05-25 00:00:00-04:00,170.92478096065437,172.40193570245913,170.21098217678988,171.49978637695312,56058300,0.0,0.0,AAPL
2023-05-26 00:00:00-04:00,171.82689288847826,174.25578364207266,171.6186953371014,173.918701171875,54835000,0.0,0.0,AAPL
2023-05-30 00:00:00-04:00,175.4355461600694,177.44805707235744,175.04890650518007,175.77261352539062,55964400,0.0,0.0,AAPL
2023-05-31 00:00:00-04:00,175.80236562165695,177.80496826079084,175.23726871202743,175.72305297851562,99625300,0.0,0.0,AAPL
2023-06-01 00:00:00-04:00,176.1691790241155,178.5683298287558,175.405808045758,178.53858947753906,68901800,0.0,0.0,AAPL
2023-06-02 00:00:00-04:00,179.4704869589175,180.21402596420296,177.71573067078862,179.39117431640625,61945900,0.0,0.0,AAPL
2023-06-05 00:00:00-04:00,181.05668691999816,183.35669275593358,176.50621727974132,178.032958984375,121946500,0.0,0.0,AAPL
2023-06-06 00:00:00-04:00,178.41961560329207,178.56831734898336,175.90148844243106,177.66616821289062,64848400,0.0,0.0,AAPL
2023-06-07 00:00:00-04:00,176.90278572567038,179.64892709288569,175.7924390908418,176.2881317138672,61944600,0.0,0.0,AAPL
2023-06-08 00:00:00-04:00,176.36743802214428,179.28211321134853,175.93124119908015,179.0144500732422,50214900,0.0,0.0,AAPL
2023-06-09 00:00:00-04:00,179.93643394119178,180.6601409825454,179.0739335613958,179.40109252929688,48870700,0.0,0.0,AAPL
2023-06-12 00:00:00-04:00,179.70840047119435,182.30582486935572,179.4109818840196,182.20668029785156,54274900,0.0,0.0,AAPL
2023-06-13 00:00:00-04:00,181.22524912557424,182.56361030209754,180.86834978636662,181.73085021972656,54929100,0.0,0.0,AAPL
2023-06-14 00:00:00-04:00,181.79033583961464,182.8015531826157,180.45197462688512,182.36534118652344,57462900,0.0,0.0,AAPL
2023-06-15 00:00:00-04:00,182.37523462444415,184.91317840758788,182.19677741579343,184.40756225585938,65433200,0.0,0.0,AAPL
2023-06-16 00:00:00-04:00,185.12135487176403,185.37912470625074,182.68255574170084,183.3269500732422,101235600,0.0,0.0,AAPL
2023-06-20 00:00:00-04:00,182.82136138571053,184.49680491343358,182.82136138571053,183.4161834716797,49799100,0.0,0.0,AAPL
2023-06-21 00:00:00-04:00,183.30714894064778,183.8127651610623,181.01705115534045,182.37525939941406,49515700,0.0,0.0,AAPL
2023-06-22 00:00:00-04:00,182.15712768065538,185.4386103729254,182.08772345340466,185.3890380859375,51245300,0.0,0.0,AAPL
2023-06-23 00:00:00-04:00,183.9515223817669,185.9442011391384,183.416165915565,185.07177734375,53079300,0.0,0.0,AAPL
2023-06-26 00:00:00-04:00,185.22052415803645,186.43001547826037,183.63430156934749,183.67396545410156,48088700,0.0,0.0,AAPL
2023-06-27 00:00:00-04:00,184.28862175731683,186.767085127622,184.07051577054278,186.43992614746094,50730800,0.0,0.0,AAPL
2023-06-28 00:00:00-04:00,186.31103877905792,188.26406909954764,185.9838949305078,187.6196746826172,51216800,0.0,0.0,AAPL
2023-06-29 00:00:00-04:00,187.4511250421375,188.43260188630063,187.3123317121149,187.95672607421875,46347300,0.0,0.0,AAPL
2023-06-30 00:00:00-04:00,189.97918829297507,192.80462759541973,189.6123654098311,192.2990264892578,85069600,0.0,0.0,AAPL
2023-07-03 00:00:00-04:00,192.11066863921243,192.20981323378058,190.10806582219766,190.8020477294922,31458200,0.0,0.0,AAPL
2023-07-05 00:00:00-04:00,189.91968534956396,191.3175270975779,188.97785723169864,189.68174743652344,46920300,0.0,0.0,AAPL
2023-07-06 00:00:00-04:00,188.20457782150964,190.36580559694158,187.57009184775086,190.15760803222656,45094300,0.0,0.0,AAPL
2023-07-07 00:00:00-04:00,189.76104508696721,191.01018499526114,188.6011262162648,189.03732299804688,46778000,0.0,0.0,AAPL
2023-07-10 00:00:00-04:00,187.62959342704087,188.35331565327752,185.42871665150543,186.98519897460938,59922200,0.0,0.0,AAPL
2023-07-11 00:00:00-04:00,187.53044524382943,187.66923857945199,184.9925013196807,186.45974731445312,46638100,0.0,0.0,AAPL
2023-07-12 00:00:00-04:00,188.0459566971953,190.04855924155865,186.84638895388292,188.13519287109375,60750200,0.0,0.0,AAPL
2023-07-13 00:00:00-04:00,188.8589108119984,189.5429691298021,188.14511214362412,188.8985595703125,41342300,0.0,0.0,AAPL
2023-07-14 00:00:00-04:00,188.5911973749644,189.53301026460016,187.996375347091,189.0472412109375,41573900,0.0,0.0,AAPL
2023-07-17 00:00:00-04:00,190.2468257033596,192.64599134916114,190.1576046603519,192.31883239746094,50520200,0.0,0.0,AAPL
2023-07-18 00:00:00-04:00,191.6843647836334,192.65591819761897,190.76236853561463,192.0610809326172,48353800,0.0,0.0,AAPL
2023-07-19 00:00:00-04:00,191.43652547824442,196.52232225877913,190.99038994943103,193.41929626464844,80507300,0.0,0.0,AAPL
2023-07-20 00:00:00-04:00,193.40936968617578,194.77748634801802,190.84168518874347,191.4662628173828,59581200,0.0,0.0,AAPL
2023-07-21 00:00:00-04:00,192.42789492586837,193.29039530573385,189.58260879656223,190.2864990234375,71917800,0.0,0.0,AAPL
2023-07-24 00:00:00-04:00,191.7438412670713,193.230919269526,190.5938306479448,191.0895233154297,45377800,0.0,0.0,AAPL
2023-07-25 00:00:00-04:00,191.66453127210508,192.7649696142135,191.25805964859208,191.9520263671875,37283200,0.0,0.0,AAPL
2023-07-26 00:00:00-04:00,192.001611182289,193.9546416567155,191.65463536403175,192.824462890625,47471900,0.0,0.0,AAPL
2023-07-27 00:00:00-04:00,194.33134751765755,195.50117489112708,190.89123937354253,191.5554656982422,47460200,0.0,0.0,AAPL
2023-07-28 00:00:00-04:00,192.99297950413737,194.9361013981904,192.46754649179775,194.1429901123047,48291400,0.0,0.0,AAPL
2023-07-31 00:00:00-04:00,194.37098975201062,194.79729327585247,193.5778785263088,194.75762939453125,38824100,0.0,0.0,AAPL
2023-08-01 00:00:00-04:00,194.54944325919743,195.0352123410956,193.59770678100793,193.92486572265625,35175100,0.0,0.0,AAPL
2023-08-02 00:00:00-04:00,193.35977399392826,193.49856732490423,190.19726772902345,190.9209747314453,50389300,0.0,0.0,AAPL
2023-08-03 00:00:00-04:00,189.91969553388512,190.71279169853844,189.04727159995883,189.52313232421875,61235200,0.0,0.0,AAPL
2023-08-04 00:00:00-04:00,183.92181504025928,185.76579240309633,180.35282171627148,180.42222595214844,115799700,0.0,0.0,AAPL
2023-08-07 00:00:00-04:00,180.56102321579414,181.5524085909385,175.82220233279125,177.3092803955078,97576100,0.0,0.0,AAPL
2023-08-08 00:00:00-04:00,178.14203038384454,178.71703568412062,176.05020675575068,178.25108337402344,67823000,0.0,0.0,AAPL
2023-08-09 00:00:00-04:00,179.31184291731705,179.37132361114365,175.48509529864398,176.65493774414062,60378500,0.0,0.0,AAPL
2023-08-10 00:00:00-04:00,177.93384562444598,179.1929093058464,176.07005137717866,176.43685913085938,54686900,0.0,0.0,AAPL
2023-08-11 00:00:00-04:00,176.02984778529373,177.32037701982404,175.26544597344693,176.4964141845703,51988100,0.24,0.0,AAPL
2023-08-14 00:00:00-04:00,176.67511718788185,178.38260392804418,176.01991561712387,178.15428161621094,43675600,0.0,0.0,AAPL
2023-08-15 00:00:00-04:00,177.5784931204611,178.17411849604412,175.7618061867858,176.1588897705078,43622600,0.0,0.0,AAPL
2023-08-16 00:00:00-04:00,175.84121662599503,177.24094603057796,175.2157956243564,175.28529357910156,46964900,0.0,0.0,AAPL
2023-08-17 00:00:00-04:00,175.85114660071363,176.218449670705,172.21777275650916,172.73399353027344,66062900,0.0,0.0,AAPL
2023-08-18 00:00:00-04:00,171.04636032936088,173.82599075554495,170.70883778094841,173.22042846679688,61114200,0.0,0.0,AAPL
2023-08-21 00:00:00-04:00,173.79620604217206,174.84849110751958,172.47588124297116,174.5605926513672,46311900,0.0,0.0,AAPL
2023-08-22 00:00:00-04:00,175.77172944077836,176.38721354501158,174.96762533098521,175.94049072265625,42084200,0.0,0.0,AAPL
2023-08-23 00:00:00-04:00,177.22112651388355,180.2290795956185,177.0325064942749,179.8022003173828,52722800,0.0,0.0,AAPL
2023-08-24 00:00:00-04:00,179.35544373491686,179.78232293288016,174.72934624726201,175.09666442871094,54945800,0.0,0.0,AAPL
2023-08-25 00:00:00-04:00,176.08940889849805,177.84651968096887,174.54076169805765,177.31045532226562,51449600,0.0,0.0,AAPL
2023-08-28 00:00:00-04:00,178.77967356057698,179.27603559399373,177.25088516267095,178.8789520263672,43820700,0.0,0.0,AAPL
2023-08-29 00:00:00-04:00,178.3925260808221,183.55468861261488,178.19398428109324,182.78036499023438,53003900,0.0,0.0,AAPL
2023-08-30 00:00:00-04:00,183.59440922711968,186.48324017846022,183.39586742396716,186.28468322753906,60813900,0.0,0.0,AAPL
2023-08-31 00:00:00-04:00,186.47328650618994,187.7439721096439,186.11590523348306,186.50306701660156,60794500,0.0,0.0,AAPL
2023-09-01 00:00:00-04:00,188.11129296200212,188.53815704908098,186.91009015003394,188.08151245117188,45732600,0.0,0.0,AAPL
2023-09-05 00:00:00-04:00,186.91009674606673,188.59772472633045,186.24497340110617,188.31976318359375,45280000,0.0,0.0,AAPL
2023-09-06 00:00:00-04:00,187.02922374370715,187.47596172928527,180.14965265723944,181.5791778564453,81755800,0.0,0.0,AAPL
2023-09-07 00:00:00-04:00,173.90540860928058,176.9133767073295,172.27734161590178,176.26809692382812,112488800,0.0,0.0,AAPL
2023-09-08 00:00:00-04:00,177.05233659559462,178.92858440411607,176.4963984153427,176.88356018066406,65551300,0.0,0.0,AAPL
2023-09-11 00:00:00-04:00,178.75983344187836,178.98815574028976,176.04968578063105,178.05499267578125,58953100,0.0,0.0,AAPL
2023-09-12 00:00:00-04:00,178.18404991763566,178.81939272059032,173.5480302988034,175.0172576904297,90370200,0.0,0.0,AAPL
2023-09-13 00:00:00-04:00,175.2256967861003,176.0099571796133,172.71410643559972,172.94244384765625,84267900,0.0,0.0,AAPL
2023-09-14 00:00:00-04:00,172.73400399416633,174.81873079113439,172.31706166432645,174.4613494873047,60895800,0.0,0.0,AAPL
2023-09-15 00:00:00-04:00,175.1959388893145,175.2157976120051,172.55530438661506,173.73663330078125,109205100,0.0,0.0,AAPL
2023-09-18 00:00:00-04:00,175.19596062731438,178.0748698639767,174.88821855237802,176.6751251220703,67257600,0.0,0.0,AAPL
2023-09-19 00:00:00-04:00,176.22837977645918,178.32302815377042,175.84121799808253,177.76710510253906,51826900,0.0,0.0,AAPL
2023-09-20 00:00:00-04:00,177.95570880879336,178.3925098170354,174.1237933470795,174.21315002441406,58436200,0.0,0.0,AAPL
2023-09-21 00:00:00-04:00,173.27998896827123,175.01725608596104,172.59500693822505,172.66448974609375,63047900,0.0,0.0,AAPL
2023-09-22 00:00:00-04:00,173.39909696300535,175.7915654067452,172.7836129384518,173.51821899414062,56725400,0.0,0.0,AAPL
2023-09-25 00:00:00-04:00,172.93251742028295,175.6823671360894,172.88287819083024,174.79884338378906,46172700,0.0,0.0,AAPL
2023-09-26 00:00:00-04:00,173.54802313417602,173.92524796713502,170.41101154694528,170.70883178710938,64588900,0.0,0.0,AAPL
2023-09-27 00:00:00-04:00,171.36400935593267,171.78095161168793,167.81999260813018,169.18994140625,66921800,0.0,0.0,AAPL
2023-09-28 00:00:00-04:00,168.1078907839796,170.77832096236608,166.40040416763804,169.4480743408203,56294400,0.0,0.0,AAPL
2023-09-29 00:00:00-04:00,170.7683831744606,171.81074638236362,169.10059901226265,169.9642791748047,51814200,0.0,0.0,AAPL
2023-10-02 00:00:00-04:00,169.97421860938772,173.03181060107437,169.6863201427267,172.48580932617188,52164500,0.0,0.0,AAPL
2023-10-03 00:00:00-04:00,171.0066491138284,172.366691440067,169.57713912474932,171.1456298828125,49594600,0.0,0.0,AAPL
2023-10-04 00:00:00-04:00,169.84514590084152,172.9424550881848,169.72602386786275,172.39645385742188,53020300,0.0,0.0,AAPL
2023-10-05 00:00:00-04:00,172.52551359241795,174.17343922355133,171.42358924241523,173.6373748779297,48527900,0.0,0.0,AAPL
2023-10-06 00:00:00-04:00,172.53545399514545,176.69497045530053,171.91995474415313,176.1986083984375,57224100,0.0,0.0,AAPL
2023-10-09 00:00:00-04:00,175.52353680032698,177.74724412480685,174.52089096334598,177.68768310546875,42390800,0.0,0.0,AAPL
2023-10-10 00:00:00-04:00,176.80415770883764,178.41236580749592,176.6552400140717,177.092041015625,43698000,0.0,0.0,AAPL
2023-10-11 00:00:00-04:00,176.90342620076967,178.54143000452555,176.30780084757703,178.49179077148438,47551100,0.0,0.0,AAPL
2023-10-12 00:00:00-04:00,178.75982932462722,181.01330204161414,177.73730960362397,179.39517211914062,56743100,0.0,0.0,AAPL
2023-10-13 00:00:00-04:00,180.09999903884182,180.60628286156256,176.84386529966793,177.5487060546875,51427100,0.0,0.0,AAPL
2023-10-16 00:00:00-04:00,175.46397958471027,177.7770284883398,175.22572035442593,177.41964721679688,52517000,0.0,0.0,AAPL
2023-10-17 00:00:00-04:00,175.36470667426025,177.12183257732815,173.5281761730158,175.86106872558594,57549400,0.0,0.0,AAPL
2023-10-18 00:00:00-04:00,174.30248985254676,176.28793794498117,173.83590833900334,174.5605926513672,54764400,0.0,0.0,AAPL
2023-10-19 00:00:00-04:00,174.75914678442408,176.54605322348112,173.91534037415258,174.18338012695312,59302900,0.0,0.0,AAPL
2023-10-20 00:00:00-04:00,174.03444341613093,174.14364366291989,171.3838721325441,171.62213134765625,64189300,0.0,0.0,AAPL
2023-10-23 00:00:00-04:00,169.66648220683237,172.7439178760632,168.69360166729962,171.74127197265625,55980100,0.0,0.0,AAPL
2023-10-24 00:00:00-04:00,171.7909082758531,172.4063923696406,170.20254365913797,172.17807006835938,43816600,0.0,0.0,AAPL
2023-10-25 00:00:00-04:00,170.62942613878033,171.80083332633419,169.4083645680371,169.8551025390625,57157000,0.0,0.0,AAPL
2023-10-26 00:00:00-04:00,169.13041133026712,170.1330724325947,164.46461077917579,165.6757354736328,70625300,0.0,0.0,AAPL
2023-10-27 00:00:00-04:00,165.69558183671225,167.73066925493364,165.6161620916175,166.9960479736328,58499100,0.0,0.0,AAPL
2023-10-30 00:00:00-04:00,167.79021577395145,169.92456632823416,167.6412980843576,169.05096435546875,51131000,0.0,0.0,AAPL
2023-10-31 00:00:00-04:00,168.11781482217418,169.65652489813172,166.67835290941483,169.52748107910156,44846000,0.0,0.0,AAPL
2023-11-01 00:00:00-04:00,169.75581666227828,172.9623111800798,168.88221462983017,172.70420837402344,56934900,0.0,0.0,AAPL
2023-11-02 00:00:00-04:00,174.2429278242073,176.48647870246754,174.18336680542194,176.27801513671875,77334800,0.0,0.0,AAPL
2023-11-03 00:00:00-04:00,172.97223177840408,175.53346146527645,172.08870804185926,175.36468505859375,79763700,0.0,0.0,AAPL
2023-11-06 00:00:00-05:00,175.09666426298327,178.12446034988363,174.9279030004302,177.92591857910156,63841300,0.0,0.0,AAPL
2023-11-07 00:00:00-05:00,177.87629469765844,181.1125849169399,177.66783112206795,180.49710083007812,70530000,0.0,0.0,AAPL
2023-11-08 00:00:00-05:00,181.02323134779837,182.1152186825965,180.26875139702054,181.55929565429688,49340300,0.0,0.0,AAPL
2023-11-09 00:00:00-05:00,181.62878013143776,182.7803283984379,180.48713850295357,181.08277893066406,53763500,0.0,0.0,AAPL
2023-11-10 00:00:00-05:00,182.87206148972973,185.4565506612299,182.43468499907056,185.2875518798828,66133400,0.24,0.0,AAPL
2023-11-13 00:00:00-05:00,184.7110299042217,184.91976812620925,183.11063780884533,183.69711303710938,43627500,0.0,0.0,AAPL
2023-11-14 00:00:00-05:00,186.57977766288278,186.98733436699092,185.1881391216873,186.3213348388672,60108400,0.0,0.0,AAPL
2023-11-15 00:00:00-05:00,186.72889062449767,188.3690371233907,186.65930111391893,186.88792419433594,53790500,0.0,0.0,AAPL
2023-11-16 00:00:00-05:00,188.43864070160558,189.82034448090351,187.52411797622008,188.5778045654297,54412900,0.0,0.0,AAPL
2023-11-17 00:00:00-05:00,189.11459313033544,189.24382214751304,187.4446266055401,188.5579376220703,50922700,0.0,0.0,AAPL
2023-11-20 00:00:00-05:00,188.75671623264228,190.76466491067268,188.7467813740569,190.30740356445312,46505100,0.0,0.0,AAPL
2023-11-21 00:00:00-05:00,190.26766718139268,190.37701130719432,188.60763557529475,189.50225830078125,38134500,0.0,0.0,AAPL
2023-11-22 00:00:00-05:00,190.3471617671388,191.77855487032625,189.69109711501824,190.16822814941406,39617700,0.0,0.0,AAPL
2023-11-24 00:00:00-05:00,189.7308806564948,189.76070040271065,188.12055368994098,188.8362579345703,24048300,0.0,0.0,AAPL
2023-11-27 00:00:00-05:00,188.78654712309,189.53207108953595,187.77263028176083,188.65731811523438,40552600,0.0,0.0,AAPL
2023-11-28 00:00:00-05:00,188.64739214615557,189.9396367824376,188.2696551316836,189.26368713378906,38415400,0.0,0.0,AAPL
2023-11-29 00:00:00-05:00,189.7607054145589,190.9436059381113,187.84223090795535,188.23983764648438,43014200,0.0,0.0,AAPL
2023-11-30 00:00:00-05:00,188.70701635554832,189.1841625986753,187.06686975200412,188.8163604736328,48794400,0.0,0.0,AAPL
2023-12-01 00:00:00-05:00,189.19410585978827,190.41676093068807,188.1006646303825,190.0986785888672,45679300,0.0,0.0,AAPL
2023-12-04 00:00:00-05:00,188.84617430866663,188.91576382150808,186.33127483914026,188.29945373535156,43389500,0.0,0.0,AAPL
2023-12-05 00:00:00-05:00,189.07482149235318,193.23980256929687,189.0449865799245,192.26565551757812,66628400,0.0,0.0,AAPL
2023-12-06 00:00:00-05:00,193.2895190534562,193.59766654612127,190.9634878174767,191.1722412109375,41089700,0.0,0.0,AAPL
2023-12-07 00:00:00-05:00,192.4744158469115,193.83623479668313,192.43464607405332,193.110595703125,47477700,0.0,0.0,AAPL
2023-12-08 00:00:00-05:00,193.04099429291227,194.8203199094653,192.5141585929263,194.5419921875,53377300,0.0,0.0,AAPL
2023-12-11 00:00:00-05:00,191.957494748212,192.3352317119437,190.27757846347603,192.02706909179688,60943700,0.0,0.0,AAPL
2023-12-12 00:00:00-05:00,191.92769665062553,193.5579084922386,190.5758125501861,193.5479736328125,52696900,0.0,0.0,AAPL
2023-12-13 00:00:00-05:00,193.925682544677,196.8183190559037,193.68712459255818,196.778564453125,70404200,0.0,0.0,AAPL
2023-12-14 00:00:00-05:00,196.83821410318075,198.4286561477334,194.9893140401918,196.92767333984375,66831600,0.0,0.0,AAPL
2023-12-15 00:00:00-05:00,196.35111463057538,197.21591750628332,195.82427895138287,196.39088439941406,128256700,0.0,0.0,AAPL
2023-12-18 00:00:00-05:00,194.91972010314345,195.45650584640038,193.22986883323685,194.72091674804688,55751900,0.0,0.0,AAPL
2023-12-19 00:00:00-05:00,194.98931995291727,195.77459855586707,194.72092706706565,195.76466369628906,40714100,0.0,0.0,AAPL
2023-12-20 00:00:00-05:00,195.72488988877126,196.50023361616374,193.66725158691406,193.66725158691406,52242800,0.0,0.0,AAPL
2023-12-21 00:00:00-05:00,194.9296507492267,195.90379770975298,192.34516188676014,193.5181121826172,46482500,0.0,0.0,AAPL
2023-12-22 00:00:00-05:00,194.01515250091973,194.24379077463595,191.8183503425399,192.44459533691406,37122800,0.0,0.0,AAPL
2023-12-26 00:00:00-05:00,192.45452839560733,192.73285613100865,191.67918468017166,191.8978729248047,28919300,0.0,0.0,AAPL
2023-12-27 00:00:00-05:00,191.34120389827206,192.3451706464339,189.94955015213438,191.99725341796875,48087700,0.0,0.0,AAPL
2023-12-28 00:00:00-05:00,192.98135331561093,193.49825415286705,192.01714115491455,192.42469787597656,34049900,0.0,0.0,AAPL
2023-12-29 00:00:00-05:00,192.7427850763616,193.23980104114617,190.58573760932344,191.38096618652344,42628800,0.0,0.0,AAPL
2024-01-02 00:00:00-05:00,186.03305662356883,187.3153662175252,182.79251821875232,184.53207397460938,82488700,0.0,0.0,AAPL
2024-01-03 00:00:00-05:00,183.1205708792931,184.77066759112085,182.3352771284137,183.150390625,58414500,0.0,0.0,AAPL
2024-01-04 00:00:00-05:00,181.06291404030495,181.99730650228184,179.80050438167336,180.82435607910156,71983600,0.0,0.0,AAPL
2024-01-05 00:00:00-05:00,180.90387243418792,181.6692660827433,179.09472708075188,180.09869384765625,62303300,0.0,0.0,AAPL
2024-01-08 00:00:00-05:00,181.0032684531674,184.49233019548157,180.41679326133186,184.4525604248047,59144500,0.0,0.0,AAPL
2024-01-09 00:00:00-05:00,182.82234457021028,184.04499955584959,181.63944418662982,184.03506469726562,42841800,0.0,0.0,AAPL
2024-01-10 00:00:00-05:00,183.2497813853363,185.28753458558947,182.8223397938252,185.07879638671875,46792900,0.0,0.0,AAPL
2024-01-11 00:00:00-05:00,185.42671870400414,185.93368472067908,182.52414714521402,184.48239135742188,49128400,0.0,0.0,AAPL
2024-01-12 00:00:00-05:00,184.9495734055796,185.6255229866903,184.08477050382692,184.81040954589844,40444700,0.0,0.0,AAPL
2024-01-16 00:00:00-05:00,181.07285998444632,183.16031793652851,179.85018978995151,182.53408813476562,65603000,0.0,0.0,AAPL
2024-01-17 00:00:00-05:00,180.18817865322478,181.83826018866833,179.2239664331644,181.58975219726562,47317400,0.0,0.0,AAPL
2024-01-18 00:00:00-05:00,184.97940747954695,188.01120805146246,184.72096462518135,187.50425720214844,78005800,0.0,0.0,AAPL
2024-01-19 00:00:00-05:00,188.20007624137466,190.8044351704297,187.693125392904,190.41676330566406,68741000,0.0,0.0,AAPL
2024-01-22 00:00:00-05:00,191.15232686866392,194.16424214625192,191.1125571009308,192.7328338623047,60133900,0.0,0.0,AAPL
2024-01-23 00:00:00-05:00,193.85613363662088,194.58177278240956,192.67323307639495,194.01516723632812,42355600,0.0,0.0,AAPL
2024-01-24 00:00:00-05:00,194.25371040083746,195.20798769039715,193.18015413797895,193.33920288085938,53631300,0.0,0.0,AAPL
2024-01-25 00:00:00-05:00,194.0549212884663,195.0986578845498,191.95751323703675,193.0111846923828,54822100,0.0,0.0,AAPL
2024-01-26 00:00:00-05:00,193.1106022428928,193.59766821896898,190.7945058465033,191.27163696289062,44594000,0.0,0.0,AAPL
2024-01-29 00:00:00-05:00,190.8640668648328,191.05293535979936,188.44857653714126,190.5857391357422,47145600,0.0,0.0,AAPL
2024-01-30 00:00:00-05:00,189.80045678886228,190.65532484477694,186.35116482109103,186.91775512695312,55859400,0.0,0.0,AAPL
2024-01-31 00:00:00-05:00,185.92371249893742,185.98336715144941,183.24977953529768,183.29946899414062,55467800,0.0,0.0,AAPL
2024-02-01 00:00:00-05:00,182.8919601744576,185.83428651369454,182.7229765480854,185.7448272705078,64885400,0.0,0.0,AAPL
2024-02-02 00:00:00-05:00,178.78657309445222,186.21199239128737,178.1802130458578,184.74082946777344,102518000,0.0,0.0,AAPL
2024-02-05 00:00:00-05:00,187.02710222804,188.120543422021,184.73089088840356,186.55990600585938,69668800,0.0,0.0,AAPL
2024-02-06 00:00:00-05:00,185.74481710103248,188.18019242781668,185.6553578627436,188.17025756835938,43490800,0.0,0.0,AAPL
2024-02-07 00:00:00-05:00,189.5022725041005,189.90982929151912,187.48438862302137,188.2796173095703,53439000,0.0,0.0,AAPL
2024-02-08 00:00:00-05:00,188.25971226684047,188.40881099372643,186.23189374257132,187.19610595703125,40962000,0.0,0.0,AAPL
2024-02-09 00:00:00-05:00,187.76342165910924,189.09713578895716,187.1164824488784,187.96249389648438,45155200,0.24,0.0,AAPL
2024-02-12 00:00:00-05:00,187.53449778464588,187.78332288230948,185.91215328801408,186.2704620361328,41781900,0.0,0.0,AAPL
2024-02-13 00:00:00-05:00,184.89692922859723,185.334863762688,182.64754097387214,184.17034912109375,56529500,0.0,0.0,AAPL
2024-02-14 00:00:00-05:00,184.44906062504626,184.65806518525375,181.58259087415234,183.2845458984375,54630500,0.0,0.0,AAPL
2024-02-15 00:00:00-05:00,182.6873699867257,183.6229546827019,180.49771240148527,182.99591064453125,65434500,0.0,0.0,AAPL
2024-02-16 00:00:00-05:00,182.5579852711476,183.98127264473297,180.816209688257,181.4532012939453,49701400,0.0,0.0,AAPL
2024-02-20 00:00:00-05:00,180.93564089848354,181.5726325042779,179.15405998428736,180.70672607421875,53665600,0.0,0.0,AAPL
2024-02-21 00:00:00-05:00,181.08496152111414,182.03049388623003,179.81097819372195,181.4631805419922,41529700,0.0,0.0,AAPL
2024-02-22 00:00:00-05:00,182.6177232415446,184.09077884972692,181.60252771208349,183.5035400390625,52292200,0.0,0.0,AAPL
2024-02-23 00:00:00-05:00,184.14053516377416,184.17039296301746,181.3736010619765,181.66224670410156,45119700,0.0,0.0,AAPL
2024-02-26 00:00:00-05:00,181.38353517321784,181.90108040317875,179.8009961275691,180.30860900878906,40867400,0.0,0.0,AAPL
2024-02-27 00:00:00-05:00,180.24890489042258,183.05564406470424,178.71613380047907,181.77171325683594,54318900,0.0,0.0,AAPL
2024-02-28 00:00:00-05:00,181.65227187035535,182.25940572629614,179.28346722817705,180.56739807128906,48953900,0.0,0.0,AAPL
2024-02-29 00:00:00-05:00,180.41810366151438,181.71199718953457,178.6862755375109,179.90054321289062,136682600,0.0,0.0,AAPL
2024-03-01 00:00:00-05:00,178.7061901764464,179.6815803178056,176.54639012704013,178.815673828125,73488000,0.0,0.0,AAPL
2024-03-04 00:00:00-05:00,175.3221528407019,176.0686281128373,172.9732433768994,174.277099609375,81510100,0.0,0.0,AAPL
2024-03-05 00:00:00-05:00,169.95748724050745,171.2314705105848,168.82284541599856,169.32049560546875,95132400,0.0,0.0,AAPL
2024-03-06 00:00:00-05:00,170.256065044738,170.43522699407845,167.88724549652,168.32518005371094,68587700,0.0,0.0,AAPL
2024-03-07 00:00:00-05:00,168.35503848083317,169.92761476617306,167.6981518296525,168.20574951171875,71765100,0.0,0.0,AAPL
2024-03-08 00:00:00-05:00,168.20576217934803,172.8836708711805,168.14604658720506,169.92762756347656,76114600,0.0,0.0,AAPL
2024-03-11 00:00:00-04:00,172.12723509594798,173.56046994775534,171.24141844268888,171.93812561035156,60139500,0.0,0.0,AAPL
2024-03-12 00:00:00-04:00,172.3362371923594,173.2121062975323,170.20629520329734,172.41586303710938,59825400,0.0,0.0,AAPL
2024-03-13 00:00:00-04:00,171.9580519129805,172.37607625258147,169.95748841772314,170.3257598876953,52488700,0.0,0.0,AAPL
2024-03-14 00:00:00-04:00,172.0973773021251,173.49079163745046,171.24141844268888,172.18695068359375,72913500,0.0,0.0,AAPL
2024-03-15 00:00:00-04:00,170.3655638276482,171.80874633789062,169.48969463541124,171.80874633789062,121664700,0.0,0.0,AAPL
2024-03-18 00:00:00-04:00,174.7448914522954,176.87483361469177,172.70452267737835,172.90357971191406,75604200,0.0,0.0,AAPL
2024-03-19 00:00:00-04:00,173.52065910891577,175.77999515234478,172.2168180823409,175.2524871826172,55215200,0.0,0.0,AAPL
2024-03-20 00:00:00-04:00,174.89417408943874,177.83030700683594,174.2671300256647,177.83030700683594,53423100,0.0,0.0,AAPL
2024-03-21 00:00:00-04:00,176.2179350177799,176.65586961417029,170.03711298613993,170.5646209716797,106181300,0.0,0.0,AAPL
2024-03-22 00:00:00-04:00,170.95279171103329,172.23673773536032,169.26078406375387,171.47035217285156,71106600,0.0,0.0,AAPL
2024-03-25 00:00:00-04:00,169.76839047714014,171.13194711675717,168.65364374159117,170.0470733642578,54288300,0.0,0.0,AAPL
2024-03-26 00:00:00-04:00,169.20106023000122,170.61438491064948,168.78303590364706,168.9124298095703,57388400,0.0,0.0,AAPL
2024-03-27 00:00:00-04:00,169.609133760084,172.78414425918754,169.31054062211945,172.49549865722656,60273300,0.0,0.0,AAPL
2024-03-28 00:00:00-04:00,170.94283813483634,171.4205780589011,169.70866021166748,170.67410278320312,65672700,0.0,0.0,AAPL
2024-04-01 00:00:00-04:00,170.38547862745995,170.4451942217802,168.68350825393796,169.23092651367188,46240500,0.0,0.0,AAPL
2024-04-02 00:00:00-04:00,168.28537106183597,168.54414366405445,167.43935975957754,168.04649353027344,49329500,0.0,0.0,AAPL
2024-04-03 00:00:00-04:00,167.99673277562965,169.8778497555363,167.78772821512752,168.85269165039062,47691700,0.0,0.0,AAPL
2024-04-04 00:00:00-04:00,169.48968886138192,171.11203328162168,168.026611328125,168.026611328125,53704400,0.0,0.0,AAPL
2024-04-05 00:00:00-04:00,168.79298281447828,169.5892261323792,168.15599119757314,168.7830352783203,42055200,0.0,0.0,AAPL
2024-04-08 00:00:00-04:00,168.23561647794648,168.40481571452685,167.4493358859462,167.65834045410156,37425500,0.0,0.0,AAPL
2024-04-09 00:00:00-04:00,167.90716183961618,169.2806811483862,167.55881583801002,168.8726043701172,42451200,0.0,0.0,AAPL
2024-04-10 00:00:00-04:00,168.0066961691415,168.29532657810816,166.3246362072623,166.99148559570312,49709300,0.0,0.0,AAPL
2024-04-11 00:00:00-04:00,167.54885233902874,174.63540094951088,167.36970557110288,174.2173614501953,91070300,0.0,0.0,AAPL
2024-04-12 00:00:00-04:00,173.44102962389059,177.52176704196785,173.39127675717174,175.72027587890625,101593300,0.0,0.0,AAPL
2024-04-15 00:00:00-04:00,174.53586805138283,175.7999037342719,171.68930847441092,171.87841796875,73531800,0.0,0.0,AAPL
2024-04-16 00:00:00-04:00,170.94284143183614,172.94338974194338,167.47920033817573,168.583984375,73711200,0.0,0.0,AAPL
2024-04-17 00:00:00-04:00,168.81289870293196,169.84800441976404,167.21046447753906,167.21046447753906,50901200,0.0,0.0,AAPL
2024-04-18 00:00:00-04:00,167.24031189258443,167.8474456964944,165.7672716683895,166.2549591064453,43122900,0.0,0.0,AAPL
2024-04-19 00:00:00-04:00,165.42886837664992,165.6179626751691,163.30887389276177,164.22454833984375,67772100,0.0,0.0,AAPL
2024-04-22 00:00:00-04:00,164.74211969252124,166.47393259764522,163.9956444231876,165.06060791015625,48116400,0.0,0.0,AAPL
2024-04-23 00:00:00-04:00,164.57291251221173,166.26492000363532,164.14492548116624,166.11561584472656,49537800,0.0,0.0,AAPL
2024-04-24 00:00:00-04:00,165.75730653407012,168.50434510258808,165.42887079721268,168.2256622314453,48251800,0.0,0.0,AAPL
2024-04-25 00:00:00-04:00,168.73325927633826,169.80818542681567,167.35973999732644,169.09156799316406,50558300,0.0,0.0,AAPL
2024-04-26 00:00:00-04:00,169.081624768213,170.53475474394267,168.38490238817732,168.5043487548828,44838400,0.0,0.0,AAPL
2024-04-29 00:00:00-04:00,172.555222179483,175.20272483761752,172.28650201133235,172.6846160888672,68169400,0.0,0.0,AAPL
2024-04-30 00:00:00-04:00,172.51541154910535,174.1676137755898,169.20105955998108,169.52951049804688,65934800,0.0,0.0,AAPL
2024-05-01 00:00:00-04:00,168.78303163206596,171.89832652202932,168.31523926242042,168.5043487548828,50383100,0.0,0.0,AAPL
2024-05-02 00:00:00-04:00,171.69925171807526,172.60497864880503,170.08687006909776,172.21681213378906,94214900,0.0,0.0,AAPL
2024-05-03 00:00:00-04:00,185.77280978325868,186.12117099096088,181.80157098826203,182.5181884765625,163224100,0.0,0.0,AAPL
2024-05-06 00:00:00-04:00,181.49304025440043,183.33433694545525,179.5721025190793,180.85604858398438,78569700,0.0,0.0,AAPL
2024-05-07 00:00:00-04:00,182.58783874817743,184.0310211595987,180.46785941606433,181.5427703857422,77305800,0.0,0.0,AAPL
2024-05-08 00:00:00-04:00,181.9906787165348,182.20964601288568,180.59724908638574,181.88119506835938,45057100,0.0,0.0,AAPL
2024-05-09 00:00:00-04:00,181.70202754035518,183.79216432803474,181.25414542501753,183.7025909423828,48983000,0.0,0.0,AAPL
2024-05-10 00:00:00-04:00,184.280653249985,184.47001925959685,181.51994258592455,182.43685913085938,50759500,0.25,0.0,AAPL
2024-05-13 00:00:00-04:00,184.81883849593646,186.47328168344126,184.00157793065927,185.65602111816406,72044800,0.0,0.0,AAPL
2024-05-14 00:00:00-04:00,186.88188838827716,187.66925062518712,185.66597383097238,186.80215454101562,52393600,0.0,0.0,AAPL
2024-05-15 00:00:00-04:00,187.28058361009533,190.01139602124525,186.7423838683229,189.0845184326172,70400000,0.0,0.0,AAPL
2024-05-16 00:00:00-04:00,189.83199615864385,190.45989075478766,189.02471179656044,189.2041015625,52845200,0.0,0.0,AAPL
2024-05-17 00:00:00-04:00,188.87519880271202,190.17084727488813,188.54630236847427,189.23399353027344,41282900,0.0,0.0,AAPL
2024-05-20 00:00:00-04:00,188.69582178398366,191.27714266640717,188.37688635675946,190.40008544921875,44361300,0.0,0.0,AAPL
2024-05-21 00:00:00-04:00,190.44991454290118,192.08442053272114,190.28048580582154,191.70570373535156,42309400,0.0,0.0,AAPL
2024-05-22 00:00:00-04:00,191.625965130265,192.17412585880137,189.63266445026173,190.2605438232422,34648500,0.0,0.0,AAPL
2024-05-23 00:00:00-04:00,190.34027016979292,190.36020743395642,186.0048504863481,186.25401306152344,51005900,0.0,0.0,AAPL
2024-05-24 00:00:00-04:00,188.1875250894915,189.94162421863646,187.41012383078694,189.3436279296875,36294600,0.0,0.0,AAPL
2024-05-28 00:00:00-04:00,190.86848939299406,192.35350378297326,188.46657377923762,189.3535919189453,52280100,0.0,0.0,AAPL
2024-05-29 00:00:00-04:00,188.97487295416659,191.6060292626522,188.8752018363686,189.652587890625,53068000,0.0,0.0,AAPL
2024-05-30 00:00:00-04:00,190.12102272627732,191.53626445370173,189.99146851693155,190.6492462158203,49947900,0.0,0.0,AAPL
2024-05-31 00:00:00-04:00,190.79874896001851,191.92496874276912,189.27387511297837,191.6060333251953,75158300,0.0,0.0,AAPL
2024-06-03 00:00:00-04:00,192.25384615761888,194.33685694398167,191.8751293663799,193.38006591796875,50080500,0.0,0.0,AAPL
2024-06-04 00:00:00-04:00,193.98802704232938,194.66575720064256,192.38341934135104,193.69900512695312,47471400,0.0,0.0,AAPL
2024-06-05 00:00:00-04:00,194.74547082752238,196.24044634116564,194.2172473626493,195.21389770507812,54156800,0.0,0.0,AAPL
2024-06-06 00:00:00-04:00,195.03450583879902,195.84179017422778,193.5195930765027,193.82855224609375,41181800,0.0,0.0,AAPL
2024-06-07 00:00:00-04:00,193.99798178181695,196.28031956711487,193.48969558531903,196.23048400878906,53103900,0.0,0.0,AAPL
2024-06-10 00:00:00-04:00,196.24045118441725,196.63912045583442,191.5063619410421,192.47311401367188,97262100,0.0,0.0,AAPL
2024-06-11 00:00:00-04:00,193.00133588013964,206.46609195915696,192.9814138224934,206.45611572265625,172373300,0.0,0.0,AAPL
2024-06-12 00:00:00-04:00,206.67537368785207,219.46239922329934,206.20694681699416,212.35629272460938,198134300,0.0,0.0,AAPL
2024-06-13 00:00:00-04:00,214.0207098376566,216.02397164318222,210.89122822700367,213.5223846435547,97862700,0.0,0.0,AAPL
2024-06-14 00:00:00-04:00,213.13368913916617,214.44925972841028,210.59222763705992,211.7782440185547,70122700,0.0,0.0,AAPL
2024-06-17 00:00:00-04:00,212.65527993528355,218.21659070332575,212.0074632920053,215.94422912597656,93728300,0.0,0.0,AAPL
2024-06-18 00:00:00-04:00,216.86113841241473,217.89766325641614,212.28651711595563,213.5721893310547,79943300,0.0,0.0,AAPL
2024-06-20 00:00:00-04:00,213.21341001933183,213.5223844137921,208.15043943546107,208.97764587402344,86172500,0.0,0.0,AAPL
2024-06-21 00:00:00-04:00,209.6852627905662,211.18023828891836,206.41625091745033,206.79498291015625,246421400,0.0,0.0,AAPL
2024-06-24 00:00:00-04:00,207.02421872275744,211.9875333707341,205.89799892378585,207.44281005859375,80727000,0.0,0.0,AAPL
2024-06-25 00:00:00-04:00,208.44942384896885,210.67196517740436,207.91123932751768,208.3697052001953,56713900,0.0,0.0,AAPL
2024-06-26 00:00:00-04:00,210.79155216910215,214.1402980033581,209.9344322470105,212.5356903076172,66213200,0.0,0.0,AAPL
2024-06-27 00:00:00-04:00,213.97086306596705,215.01734896028734,211.6387049296034,213.38284301757812,49772700,0.0,0.0,AAPL
2024-06-28 00:00:00-04:00,215.0472324898511,215.34623061165473,209.5955543096767,209.9144744873047,82542700,0.0,0.0,AAPL
2024-07-01 00:00:00-04:00,211.37956216985054,216.78140506529675,211.2101334408119,216.02395629882812,60402900,0.0,0.0,AAPL
2024-07-02 00:00:00-04:00,215.42597092933886,219.64181293490427,214.3795002092306,219.5321807861328,58046200,0.0,0.0,AAPL
2024-07-03 00:00:00-04:00,219.26308073535034,220.80789184570312,218.29632866276663,220.80789184570312,37369800,0.0,0.0,AAPL
2024-07-05 00:00:00-04:00,220.90754038733803,225.69146503075916,220.90754038733803,225.5818328857422,60412400,0.0,0.0,AAPL
2024-07-08 00:00:00-04:00,226.32931907748747,227.08678305881674,222.50218547217585,227.056884765625,59085900,0.0,0.0,AAPL
2024-07-09 00:00:00-04:00,227.1664984715379,228.631575647805,225.6117264169712,227.9139862060547,48076100,0.0,0.0,AAPL
2024-07-10 00:00:00-04:00,228.53191911989683,232.2992560750062,228.48208356286247,232.1995849609375,62627700,0.0,0.0,AAPL
2024-07-11 00:00:00-04:00,230.61492037011672,231.61157070495582,225.01375035477759,226.80772399902344,64710600,0.0,0.0,AAPL
2024-07-12 00:00:00-04:00,228.1531925563972,231.86073301422448,227.91399100155513,229.76776123046875,53046500,0.0,0.0,AAPL
2024-07-15 00:00:00-04:00,235.68787221439834,236.43535998230433,232.3092281117703,233.61483764648438,62631300,0.0,0.0,AAPL
2024-07-16 00:00:00-04:00,234.2128217621178,235.47857190808813,231.55176727169922,234.03343200683594,43234300,0.0,0.0,AAPL
2024-07-17 00:00:00-04:00,228.68140979310064,230.68468664215072,225.88082486496336,228.1133270263672,57345900,0.0,0.0,AAPL
2024-07-18 00:00:00-04:00,229.50863493701104,229.66810263837593,221.52547133243425,223.42906188964844,66034600,0.0,0.0,AAPL
2024-07-19 00:00:00-04:00,224.06692564873424,226.04028896611686,222.5320756847993,223.55862426757812,49151500,0.0,0.0,AAPL
2024-07-22 00:00:00-04:00,226.24957960487185,227.01700459563804,222.34271224556252,223.20980834960938,48201800,0.0,0.0,AAPL
2024-07-23 00:00:00-04:00,223.61844622977043,226.17984506717187,221.9341046141529,224.2563018798828,39960300,0.0,0.0,AAPL
2024-07-24 00:00:00-04:00,223.24967028544495,224.04699357799979,216.40268749627205,217.80795288085938,61777600,0.0,0.0,AAPL
2024-07-25 00:00:00-04:00,218.19665359620475,220.11023564894725,213.9010930254534,216.76148986816406,51391200,0.0,0.0,AAPL
2024-07-26 00:00:00-04:00,217.96743096801922,218.7547932697213,215.28643906297688,217.22991943359375,41601300,0.0,0.0,AAPL
2024-07-29 00:00:00-04:00,216.23326096996,218.5654190781,215.0273073866339,217.50897216796875,36311800,0.0,0.0,AAPL
2024-07-30 00:00:00-04:00,218.45580119769897,219.5919820328496,215.39607720378967,218.06710815429688,41643800,0.0,0.0,AAPL
2024-07-31 00:00:00-04:00,220.6982497488722,223.07028238181744,219.89096542123676,221.3361053466797,50036300,0.0,0.0,AAPL
2024-08-01 00:00:00-04:00,223.618417993468,223.72805013234773,216.29304757526307,217.62855529785156,62501000,0.0,0.0,AAPL
2024-08-02 00:00:00-04:00,218.41590675319648,224.84431334230803,216.98074309833058,219.12353515625,105568600,0.0,0.0,AAPL
2024-08-05 00:00:00-04:00,198.42310739676375,212.7848420736874,195.34346157584417,208.5690155029297,119548600,0.0,0.0,AAPL
2024-08-06 00:00:00-04:00,204.61231506511243,209.28660752946874,200.39648844230862,206.5358428955078,69660500,0.0,0.0,AAPL
2024-08-07 00:00:00-04:00,206.2069550428707,212.9243839975228,205.69866882998738,209.1171875,63516400,0.0,0.0,AAPL
2024-08-08 00:00:00-04:00,212.39616246807245,213.48250772924823,208.13050007077933,212.59548950195312,47161100,0.0,0.0,AAPL
2024-08-09 00:00:00-04:00,211.38955402452135,216.05387055494424,211.259984607228,215.51568603515625,42201600,0.0,0.0,AAPL
2024-08-12 00:00:00-04:00,215.59550663031672,219.02793942662467,215.12653755613,217.0522918701172,38028100,0.25,0.0,AAPL
2024-08-13 00:00:00-04:00,218.52904142421028,221.4027217224782,218.52904142421028,220.78408813476562,44155300,0.0,0.0,AAPL
2024-08-14 00:00:00-04:00,220.08562480803565,222.54021400164925,219.21752501736546,221.23309326171875,41960600,0.0,0.0,AAPL
2024-08-15 00:00:00-04:00,224.10676986474735,224.8551228159093,222.27079905335071,224.22650146484375,46414000,0.0,0.0,AAPL
2024-08-16 00:00:00-04:00,223.42826155403992,226.33187474025672,223.15885022096822,225.5535888671875,44340200,0.0,0.0,AAPL
2024-08-19 00:00:00-04:00,225.22429606357244,225.49370737790127,222.55017371179113,225.3939208984375,40687800,0.0,0.0,AAPL
2024-08-20 00:00:00-04:00,225.27420804373648,226.6711275207631,224.95490346311303,226.0125732421875,30299000,0.0,0.0,AAPL
2024-08-21 00:00:00-04:00,226.0225636042008,227.47934890039068,224.55579052395228,225.90281677246094,34765500,0.0,0.0,AAPL
2024-08-22 00:00:00-04:00,227.28974628083643,227.8385414771675,223.4082896744648,224.0369110107422,43695300,0.0,0.0,AAPL
2024-08-23 00:00:00-04:00,225.16444130741013,227.7188169640382,223.83736023691762,226.3418426513672,38677300,0.0,0.0,AAPL
2024-08-26 00:00:00-04:00,226.2620154817008,226.7808777924977,223.39832305195915,226.68109130859375,30602200,0.0,0.0,AAPL
2024-08-27 00:00:00-04:00,225.50369501854036,228.34744239539063,224.39613201364162,227.52923583984375,35934600,0.0,0.0,AAPL
2024-08-28 00:00:00-04:00,227.4194670399241,229.35520907583674,225.18438078371824,225.99261474609375,38052200,0.0,0.0,AAPL
2024-08-29 00:00:00-04:00,229.59470189609323,232.4085012026452,228.37737982242845,229.28536987304688,51906300,0.0,0.0,AAPL
2024-08-30 00:00:00-04:00,229.6844899472923,229.89402024722435,226.98043458769098,228.49710083007812,52990800,0.0,0.0,AAPL
2024-09-03 00:00:00-04:00,228.04809790202157,228.4971066385697,220.68429981162342,222.28079223632812,50190600,0.0,0.0,AAPL
2024-09-04 00:00:00-04:00,221.17322424578342,221.29295584608857,217.0023958735564,220.36500549316406,43840200,0.0,0.0,AAPL
2024-09-05 00:00:00-04:00,221.14329437614535,224.98483044961614,221.03353533260162,221.8916473388672,36615400,0.0,0.0,AAPL
2024-09-06 00:00:00-04:00,223.45818364879955,224.74535922490057,219.2873705935476,220.33506774902344,48423000,0.0,0.0,AAPL
2024-09-09 00:00:00-04:00,220.3350822772696,220.7840910234286,216.23410730849415,220.4248809814453,67180000,0.0,0.0,AAPL
2024-09-10 00:00:00-04:00,218.43922835246784,220.9936039050013,216.25403537150672,219.62661743164062,51591000,0.0,0.0,AAPL
2024-09-11 00:00:00-04:00,220.97367404683663,222.6000841658612,217.41150656335964,222.17103576660156,44587100,0.0,0.0,AAPL
2024-09-12 00:00:00-04:00,222.01138090428717,223.0590781064196,219.33727360197898,222.28079223632812,37498200,0.0,0.0,AAPL
2024-09-13 00:00:00-04:00,223.08899783711732,223.54797910505988,221.42266715079168,222.01136779785156,36766600,0.0,0.0,AAPL
2024-09-16 00:00:00-04:00,216.0644583037111,216.74297289953918,213.4502168549942,215.84495544433594,59357400,0.0,0.0,AAPL
2024-09-17 00:00:00-04:00,215.27619443719672,216.42366284814068,214.02893954474482,216.31390380859375,45519300,0.0,0.0,AAPL
2024-09-18 00:00:00-04:00,217.07224903728172,222.22092099435915,217.06226125375574,220.20535278320312,59894900,0.0,0.0,AAPL
2024-09-19 00:00:00-04:00,224.49591687958383,229.31531179988679,224.1367068474718,228.3673858642578,66781300,0.0,0.0,AAPL
2024-09-20 00:00:00-04:00,229.46496974860833,232.57811312113958,227.12012443578536,227.6988525390625,318679900,0.0,0.0,AAPL
2024-09-23 00:00:00-04:00,226.8407407931877,228.94610768522742,225.31410200503296,225.97265625,54146000,0.0,0.0,AAPL
2024-09-24 00:00:00-04:00,228.14786961487798,228.8463445678705,225.2342838755063,226.8706817626953,43556100,0.0,0.0,AAPL
2024-09-25 00:00:00-04:00,224.43603888049125,226.79085685048213,223.52804884217394,225.8728790283203,42308700,0.0,0.0,AAPL
2024-09-26 00:00:00-04:00,226.80083714120576,227.99819881641105,224.9149883158055,227.02035522460938,36636700,0.0,0.0,AAPL
2024-09-27 00:00:00-04:00,227.9582911728241,229.01596089620384,226.80083496693393,227.2897491455078,34026000,0.0,0.0,AAPL
2024-09-30 00:00:00-04:00,229.5348054854851,232.48831176757812,229.1456625683617,232.48831176757812,54541900,0.0,0.0,AAPL
2024-10-01 00:00:00-04:00,229.0159547825387,229.14565893600417,223.24864947388588,225.71322631835938,63285000,0.0,0.0,AAPL
2024-10-02 00:00:00-04:00,225.3939223013361,226.8706678098605,222.53022998119604,226.28196716308594,32880600,0.0,0.0,AAPL
2024-10-03 00:00:00-04:00,224.64557310138042,226.3119038145279,222.82957789090332,225.17440795898438,34044200,0.0,0.0,AAPL
2024-10-04 00:00:00-04:00,227.39951613756347,227.49930262356304,223.63780617480538,226.30194091796875,37245100,0.0,0.0,AAPL
2024-10-07 00:00:00-04:00,224.0069975750027,225.19438676879486,220.84396072803747,221.2031707763672,39505400,0.0,0.0,AAPL
2024-10-08 00:00:00-04:00,223.80742742544692,225.4837307412941,222.75973024040246,225.27420043945312,31855700,0.0,0.0,AAPL
2024-10-09 00:00:00-04:00,224.73538646570117,229.24546472466872,224.33627096325682,229.03591918945312,33591100,0.0,0.0,AAPL
2024-10-10 00:00:00-04:00,227.279775108536,228.99599906464633,226.67111410985407,228.53700256347656,28183500,0.0,0.0,AAPL
2024-10-11 00:00:00-04:00,228.79644988971887,228.9062089337624,226.84074743911052,227.05029296875,31759200,0.0,0.0,AAPL
2024-10-14 00:00:00-04:00,228.19775690140833,231.22110160659443,228.09798564307096,230.79205322265625,39882100,0.0,0.0,AAPL
2024-10-15 00:00:00-04:00,233.0969778733182,236.9684620133565,231.85969551276995,233.33645629882812,64751400,0.0,0.0,AAPL
2024-10-16 00:00:00-04:00,231.09139869260778,231.61024577942743,229.33525401328018,231.27099609375,34082200,0.0,0.0,AAPL
2024-10-17 00:00:00-04:00,232.9173703418766,233.3364614020046,230.0137723986246,231.6401824951172,32993800,0.0,0.0,AAPL
2024-10-18 00:00:00-04:00,235.66133386929857,235.66133386929857,233.4961010856326,234.4839324951172,46431500,0.0,0.0,AAPL
2024-10-21 00:00:00-04:00,233.9351372634737,236.32987592195377,233.9351372634737,235.96067810058594,36254500,0.0,0.0,AAPL
2024-10-22 00:00:00-04:00,233.376366009758,235.70125104779564,232.08920560922664,235.342041015625,38846600,0.0,0.0,AAPL
2024-10-23 00:00:00-04:00,233.56595129753524,234.62362105235994,227.25982300232985,230.25323486328125,52287000,0.0,0.0,AAPL
2024-10-24 00:00:00-04:00,229.4749437774939,230.31311065070702,227.90839952304313,230.06365966796875,31109500,0.0,0.0,AAPL
2024-10-25 00:00:00-04:00,229.23547896644118,232.7078323586645,229.0658541264054,230.9018096923828,38802300,0.0,0.0,AAPL
2024-10-28 00:00:00-04:00,232.80762499530724,234.21451699403664,232.03931169048735,232.88743591308594,36087100,0.0,0.0,AAPL
2024-10-29 00:00:00-04:00,232.58810476348472,233.815399347975,231.8098189074392,233.15684509277344,35417200,0.0,0.0,AAPL
2024-10-30 00:00:00-04:00,232.09917848988178,232.95729049985403,229.04590082483264,229.59469604492188,47070900,0.0,0.0,AAPL
2024-10-31 00:00:00-04:00,228.83635490362704,229.325284321648,224.8750719925984,225.4138946533203,64370100,0.0,0.0,AAPL
2024-11-01 00:00:00-04:00,220.48474431371312,224.8551305713263,219.78628458026085,222.4204864501953,65276700,0.0,0.0,AAPL
2024-11-04 00:00:00-05:00,220.5046966292777,222.3007315284092,219.2275088130919,221.52244567871094,44944500,0.0,0.0,AAPL
2024-11-05 00:00:00-05:00,221.31291912362707,223.45819152571042,220.65436486265338,222.95928955078125,28111300,0.0,0.0,AAPL
2024-11-06 00:00:00-05:00,222.12113695305962,225.5735453041769,220.7042571772517,222.23089599609375,54561100,0.0,0.0,AAPL
2024-11-07 00:00:00-05:00,224.13670611072257,227.37956894750107,224.0768403097807,226.98043823242188,42137700,0.0,0.0,AAPL
2024-11-08 00:00:00-05:00,226.92049995960826,228.4088689967903,226.16134014604208,226.7107391357422,38328800,0.25,0.0,AAPL
2024-11-11 00:00:00-05:00,224.7528927426808,225.45212091614073,221.25673663335022,223.98373413085938,42005600,0.0,0.0,AAPL
2024-11-12 00:00:00-05:00,224.30339000560164,225.34224111445195,223.11469448970428,223.98373413085938,40398300,0.0,0.0,AAPL
2024-11-13 00:00:00-05:00,223.76397540644066,226.4010754152989,222.5153482196322,224.8727569580078,48566200,0.0,0.0,AAPL
2024-11-14 00:00:00-05:00,224.77287777547028,228.61864039722624,224.7528954725484,227.9693603515625,44923900,0.0,0.0,AAPL
2024-11-15 00:00:00-05:00,226.15134020310103,226.67077335813082,224.023689933323,224.7528839111328,47923700,0.0,0.0,AAPL
2024-11-18 00:00:00-05:00,225.00261496304853,229.4876892234719,224.92270099550518,227.7695770263672,44686000,0.0,0.0,AAPL
2024-11-19 00:00:00-05:00,226.73070634208972,229.90722171238716,226.41106572007726,228.02928161621094,36211800,0.0,0.0,AAPL
2024-11-20 00:00:00-05:00,227.80951934283004,229.67746064503265,225.64190448211673,228.7484893798828,35169600,0.0,0.0,AAPL
2024-11-21 00:00:00-05:00,228.6286329426038,229.90722593821596,225.46211628612434,228.26902770996094,42108300,0.0,0.0,AAPL
2024-11-22 00:00:00-05:00,227.80952873867182,230.46661102927646,227.80952873867182,229.61753845214844,38168300,0.0,0.0,AAPL
2024-11-25 00:00:00-05:00,231.2058026888721,232.99383009111634,229.48769048234254,232.61424255371094,90152800,0.0,0.0,AAPL
2024-11-26 00:00:00-05:00,233.07373841155265,235.31128373473052,233.07373841155265,234.8018341064453,45986200,0.0,0.0,AAPL
2024-11-27 00:00:00-05:00,234.21249554010248,235.43115689965902,233.55321672420507,234.67198181152344,33498400,0.0,0.0,AAPL
2024-11-29 00:00:00-05:00,234.55211454995276,237.5488197625333,233.71304074851764,237.06935119628906,28481400,0.0,0.0,AAPL
2024-12-02 00:00:00-05:00,237.00941446483552,240.52553753151284,236.89953466637493,239.3268585205078,48137100,0.0,0.0,AAPL
2024-12-03 00:00:00-05:00,239.54662188503684,242.49337894569658,238.6376176509325,242.3834991455078,38861000,0.0,0.0,AAPL
2024-12-04 00:00:00-05:00,242.60325739533934,243.84190102311462,240.9850414761411,242.74310302734375,44383900,0.0,0.0,AAPL
2024-12-05 00:00:00-05:00,243.72204013219255,244.2714238935446,241.86408229295347,242.7730712890625,40033900,0.0,0.0,AAPL
2024-12-06 00:00:00-05:00,242.6432183998472,244.3613305629988,241.8141281502541,242.5732879638672,36870600,0.0,0.0,AAPL
2024-12-09 00:00:00-05:00,241.56440918324205,246.96847124510987,241.48449521514058,246.47900390625,44649200,0.0,0.0,AAPL
2024-12-10 00:00:00-05:00,246.61884065291167,247.93739821602466,245.0705399660552,247.4978790283203,36914800,0.0,0.0,AAPL
2024-12-11 00:00:00-05:00,247.68767076725757,250.52454792031958,245.98952569372008,246.2192840576172,45205800,0.0,0.0,AAPL
2024-12-12 00:00:00-05:00,246.61885092340057,248.46682524629017,245.41017310687806,247.68768310546875,32777500,0.0,0.0,AAPL
2024-12-13 00:00:00-05:00,247.54782582286595,249.01619729452798,245.96955931284188,247.85748291015625,33155300,0.0,0.0,AAPL
2024-12-16 00:00:00-05:00,247.71764416028498,251.10392039685559,247.3780059899919,250.7642822265625,51694800,0.0,0.0,AAPL
2024-12-17 00:00:00-05:00,249.80533943156328,253.5512208135588,249.50566587259755,253.20159912109375,51356400,0.0,0.0,AAPL
2024-12-18 00:00:00-05:00,251.88305927654196,254.0007260278641,247.46791553993853,247.77757263183594,56774100,0.0,0.0,AAPL
2024-12-19 00:00:00-05:00,247.22817727073837,251.72323503929724,246.81862390484895,249.51565551757812,60882300,0.0,0.0,AAPL
2024-12-20 00:00:00-05:00,247.76758181309805,254.71994465608725,245.42017186050566,254.21051025390625,147495300,0.0,0.0,AAPL
2024-12-23 00:00:00-05:00,254.49020366493687,255.36922684225433,253.17164603591402,254.98965454101562,40858800,0.0,0.0,AAPL
2024-12-24 00:00:00-05:00,255.2094124344067,257.92641115938613,255.0096198916901,257.91644287109375,23234700,0.0,0.0,AAPL
2024-12-26 00:00:00-05:00,257.90642916266114,259.81433504408284,257.34704665632455,258.7355041503906,27237100,0.0,0.0,AAPL
2024-12-27 00:00:00-05:00,257.54682582842287,258.41589596104086,252.78207543596488,255.30929565429688,42355300,0.0,0.0,AAPL
2024-12-30 00:00:00-05:00,251.95298524244893,253.22159473829512,250.47461491371794,251.9230194091797,35557500,0.0,0.0,AAPL
2024-12-31 00:00:00-05:00,252.16275955239965,253.00183336212825,249.15605553782555,250.1449737548828,39480700,0.0,0.0,AAPL
2025-01-02 00:00:00-05:00,248.65660659999048,248.826433311358,241.55442975303322,243.5821990966797,55740700,0.0,0.0,AAPL
2025-01-03 00:00:00-05:00,243.0927276611328,243.91181916074598,241.624340886356,243.0927276611328,40244100,0.0,0.0,AAPL
2025-01-06 00:00:00-05:00,244.04168187374515,247.05836939894766,242.93290033169586,244.73092651367188,45045600,0.0,0.0,AAPL
2025-01-07 00:00:00-05:00,242.71314361950866,245.28032844029428,241.08494412707995,241.94400024414062,40856000,0.0,0.0,AAPL
2025-01-08 00:00:00-05:00,241.65429905026372,243.44234164075266,239.78635773622742,242.43344116210938,37628900,0.0,0.0,AAPL
2025-01-10 00:00:00-05:00,239.7463920626497,239.8962364632009,232.74409661721964,236.58987426757812,61710900,0.0,0.0,AAPL
2025-01-13 00:00:00-05:00,233.27352322575203,234.41227060505477,229.46771001708314,234.14256286621094,49630700,0.0,0.0,AAPL
2025-01-14 00:00:00-05:00,234.49217517741417,235.8606656353981,232.21468051006943,233.02378845214844,39435300,0.0,0.0,AAPL
2025-01-15 00:00:00-05:00,234.38230107288462,238.6975638581554,234.17252500331003,237.60874938964844,39832000,0.0,0.0,AAPL
2025-01-16 00:00:00-05:00,237.089336348529,237.74859991927732,227.7795647267042,228.00930786132812,71759100,0.0,0.0,AAPL
2025-01-17 00:00:00-05:00,231.86506609768284,232.03487756376998,228.22906438809179,229.7274169921875,68488300,0.0,0.0,AAPL
2025-01-21 00:00:00-05:00,223.75398423747347,224.17352112887505,219.13906319002535,222.39547729492188,98070400,0.0,0.0,AAPL
2025-01-22 00:00:00-05:00,219.54859611049605,223.87384226456615,219.54859611049605,223.58416748046875,64126500,0.0,0.0,AAPL
2025-01-23 00:00:00-05:00,224.493183388126,226.78066167492807,222.05586069453574,223.41436767578125,60234800,0.0,0.0,AAPL
2025-01-24 00:00:00-05:00,224.53312753788666,225.38220009721186,221.16683361690275,222.5353240966797,54697900,0.0,0.0,AAPL
2025-01-27 00:00:00-05:00,223.77396171163917,231.89502211760887,223.73399710835045,229.6075439453125,94863400,0.0,0.0,AAPL
2025-01-28 00:00:00-05:00,230.59647127201654,239.9262098046868,230.55650666713984,237.99832153320312,75707600,0.0,0.0,AAPL
2025-01-29 00:00:00-05:00,233.86287156365174,239.5965730646729,233.75299176206667,239.0971221923828,45486100,0.0,0.0,AAPL
2025-01-30 00:00:00-05:00,238.40787147181928,240.52553823889048,236.94948349745044,237.3290557861328,55658300,0.0,0.0,AAPL
2025-01-31 00:00:00-05:00,246.91852728753366,246.91852728753366,233.18362815459494,235.74081420898438,101075100,0.0,0.0,AAPL
2025-02-03 00:00:00-05:00,229.73741895869952,231.5753945205246,225.45212191586603,227.75958251953125,73063300,0.0,0.0,AAPL
2025-02-04 00:00:00-05:00,227.00041910872287,232.87396618357337,226.40107197135944,232.54432678222656,45067300,0.0,0.0,AAPL
2025-02-05 00:00:00-05:00,228.27901582634638,232.4144684638066,228.0193068583431,232.21469116210938,39620300,0.0,0.0,AAPL
2025-02-06 00:00:00-05:00,231.0359788855247,233.54323203112875,230.17692277145878,232.9638671875,29925300,0.0,0.0,AAPL
2025-02-07 00:00:00-05:00,232.3445476829273,233.74300400322835,227.0104008794231,227.3800048828125,39707200,0.0,0.0,AAPL
2025-02-10 00:00:00-05:00,229.57000732421875,230.58999633789062,227.1999969482422,227.64999389648438,33115600,0.25,0.0,AAPL
2025-02-11 00:00:00-05:00,228.1999969482422,235.22999572753906,228.1300048828125,232.6199951171875,53718400,0.0,0.0,AAPL
2025-02-12 00:00:00-05:00,231.1999969482422,236.9600067138672,230.67999267578125,236.8699951171875,45243300,0.0,0.0,AAPL
2025-02-13 00:00:00-05:00,236.91000366210938,242.33999633789062,235.57000732421875,241.52999877929688,53614100,0.0,0.0,AAPL
2025-02-14 00:00:00-05:00,241.25,245.5500030517578,240.99000549316406,244.60000610351562,40896200,0.0,0.0,AAPL
2025-02-18 00:00:00-05:00,244.14999389648438,245.17999267578125,241.83999633789062,244.47000122070312,48822500,0.0,0.0,AAPL
2025-02-19 00:00:00-05:00,244.66000366210938,246.00999450683594,243.16000366210938,244.8699951171875,32204200,0.0,0.0,AAPL
2025-02-20 00:00:00-05:00,244.94000244140625,246.77999877929688,244.2899932861328,245.8300018310547,32316900,0.0,0.0,AAPL
2025-02-21 00:00:00-05:00,245.9499969482422,248.69000244140625,245.22000122070312,245.5500030517578,53197400,0.0,0.0,AAPL
2025-02-24 00:00:00-05:00,244.92999267578125,248.86000061035156,244.4199981689453,247.10000610351562,51326400,0.0,0.0,AAPL
2025-02-25 00:00:00-05:00,248.0,250.0,244.91000366210938,247.0399932861328,48013300,0.0,0.0,AAPL
2025-02-26 00:00:00-05:00,244.3300018310547,244.97999572753906,239.1300048828125,240.36000061035156,44433600,0.0,0.0,AAPL
2025-02-27 00:00:00-05:00,239.41000366210938,242.4600067138672,237.05999755859375,237.3000030517578,41153600,0.0,0.0,AAPL
2025-02-28 00:00:00-05:00,236.9499969482422,242.08999633789062,230.1999969482422,241.83999633789062,56833400,0.0,0.0,AAPL
2025-03-03 00:00:00-05:00,241.7899932861328,244.02999877929688,236.11000061035156,238.02999877929688,47184000,0.0,0.0,AAPL
2025-03-04 00:00:00-05:00,237.7100067138672,240.07000732421875,234.67999267578125,235.92999267578125,53798100,0.0,0.0,AAPL
2025-03-05 00:00:00-05:00,235.4199981689453,236.5500030517578,229.22999572753906,235.74000549316406,47227600,0.0,0.0,AAPL
2025-03-06 00:00:00-05:00,234.44000244140625,237.86000061035156,233.16000366210938,235.3300018310547,45170400,0.0,0.0,AAPL
2025-03-07 00:00:00-05:00,235.11000061035156,241.3699951171875,234.75999450683594,239.07000732421875,46273600,0.0,0.0,AAPL
2025-03-10 00:00:00-04:00,235.5399932861328,236.16000366210938,224.22000122070312,227.47999572753906,72071200,0.0,0.0,AAPL
2025-03-11 00:00:00-04:00,223.80999755859375,225.83999633789062,217.4499969482422,220.83999633789062,76137400,0.0,0.0,AAPL
2025-03-12 00:00:00-04:00,220.13999938964844,221.75,214.91000366210938,216.97999572753906,62547500,0.0,0.0,AAPL
2025-03-13 00:00:00-04:00,215.9499969482422,216.83999633789062,208.4199981689453,209.67999267578125,61368300,0.0,0.0,AAPL
2025-03-14 00:00:00-04:00,211.25,213.9499969482422,209.5800018310547,213.49000549316406,60107600,0.0,0.0,AAPL
2025-03-17 00:00:00-04:00,213.30999755859375,215.22000122070312,209.97000122070312,214.0,48073400,0.0,0.0,AAPL
2025-03-18 00:00:00-04:00,214.16000366210938,215.14999389648438,211.49000549316406,212.69000244140625,42432400,0.0,0.0,AAPL
2025-03-19 00:00:00-04:00,214.22000122070312,218.75999450683594,213.75,215.24000549316406,54385400,0.0,0.0,AAPL
2025-03-20 00:00:00-04:00,213.99000549316406,217.49000549316406,212.22000122070312,214.10000610351562,48862900,0.0,0.0,AAPL
2025-03-21 00:00:00-04:00,211.55999755859375,218.83999633789062,211.27999877929688,218.27000427246094,94127800,0.0,0.0,AAPL
2025-03-24 00:00:00-04:00,221.0,221.47999572753906,218.5800018310547,220.72999572753906,44299500,0.0,0.0,AAPL
2025-03-25 00:00:00-04:00,220.77000427246094,224.10000610351562,220.0800018310547,223.75,34493600,0.0,0.0,AAPL
2025-03-26 00:00:00-04:00,223.50999450683594,225.02000427246094,220.47000122070312,221.52999877929688,34466100,0.0,0.0,AAPL
2025-03-27 00:00:00-04:00,221.38999938964844,224.99000549316406,220.55999755859375,223.85000610351562,37094800,0.0,0.0,AAPL
2025-03-28 00:00:00-04:00,221.6699981689453,223.80999755859375,217.67999267578125,217.89999389648438,39818600,0.0,0.0,AAPL
2025-03-31 00:00:00-04:00,217.00999450683594,225.6199951171875,216.22999572753906,222.1300048828125,65299300,0.0,0.0,AAPL
2025-04-01 00:00:00-04:00,219.80999755859375,223.67999267578125,218.89999389648438,223.19000244140625,36412700,0.0,0.0,AAPL
2025-04-02 00:00:00-04:00,221.32000732421875,225.19000244140625,221.02000427246094,223.88999938964844,35905900,0.0,0.0,AAPL
2025-04-03 00:00:00-04:00,205.5399932861328,207.49000549316406,201.25,203.19000244140625,103419000,0.0,0.0,AAPL
2025-04-04 00:00:00-04:00,193.88999938964844,199.8800048828125,187.33999633789062,188.3800048828125,125910900,0.0,0.0,AAPL
2025-04-07 00:00:00-04:00,177.1999969482422,194.14999389648438,174.6199951171875,181.4600067138672,160466300,0.0,0.0,AAPL
2025-04-08 00:00:00-04:00,186.6999969482422,190.33999633789062,169.2100067138672,172.4199981689453,120859500,0.0,0.0,AAPL
2025-04-09 00:00:00-04:00,171.9499969482422,200.61000061035156,171.88999938964844,198.85000610351562,184395900,0.0,0.0,AAPL
2025-04-10 00:00:00-04:00,189.07000732421875,194.77999877929688,183.0,190.4199981689453,121880000,0.0,0.0,AAPL
2025-04-11 00:00:00-04:00,186.10000610351562,199.5399932861328,186.05999755859375,198.14999389648438,87435900,0.0,0.0,AAPL
2025-04-14 00:00:00-04:00,211.44000244140625,212.94000244140625,201.16000366210938,202.52000427246094,101352900,0.0,0.0,AAPL
2025-04-15 00:00:00-04:00,201.86000061035156,203.50999450683594,199.8000030517578,202.13999938964844,51343900,0.0,0.0,AAPL
2025-04-16 00:00:00-04:00,198.36000061035156,200.6999969482422,192.3699951171875,194.27000427246094,59732400,0.0,0.0,AAPL
2025-04-17 00:00:00-04:00,197.1999969482422,198.8300018310547,194.4199981689453,196.97999572753906,51334300,0.0,0.0,AAPL
2025-04-21 00:00:00-04:00,193.27000427246094,193.8000030517578,189.80999755859375,193.16000366210938,46742500,0.0,0.0,AAPL
